{
  "id": "main",
  "description": "Manager 360 Flow",
  "defaultPage": "dashboard",
  "services": [
    "HCM",
    "BPM"
  ],
  "types": {
    "Worker": {
      "id": "string",
      "name": "string",
      "status": "string"
    },
    "Task": {
      "id": "string",
      "name": "string",
      "status": "string"
    },
    "Absence": {
      "id": "string",
      "name": "string",
      "status": "string"
    },
    "Talent": {
      "id": "string",
      "name": "string",
      "status": "string"
    },
    "Action": {
      "id": "string",
      "name": "string",
      "status": "string"
    }
  },
  "variables": {
    "currentManager": {
      "type": "string",
      "defaultValue": "1001"
    },
    "mockMode": {
      "type": "boolean",
      "defaultValue": true
    }
  }
}