{
  "name": "buildMassPreview",
  "steps": [
    {
      "type": "script",
      "code": "\nconst allowed = {\n  'JobId': { endpoint: emp => `workers/${emp.WorkerId}/child/assignments`, fieldPath: 'JobId' },\n  'LocationId': { endpoint: emp => `workers/${emp.WorkerId}/child/assignments`, fieldPath: 'LocationId' },\n  'ManagerId': { endpoint: emp => `workers/${emp.WorkerId}/child/assignments`, fieldPath: 'ManagerId' }\n};\n$page.variables.massPreview = [];\n($page.variables.massRows||[]).forEach(r => {\n  const field = r.Field && r.Field.trim();\n  if (!allowed[field]) return;\n  const personNumber = (r.PersonNumber||'').trim();\n  const body = { \"op\":\"replace\", \"path\": `/${allowed[field].fieldPath}`, \"value\": r.NewValue };\n  $page.variables.massPreview.push({\n    personNumber,\n    endpoint: allowed[field].endpoint({WorkerId:'{resolve-worker-id}'}),\n    method: \"PATCH\",\n    body: JSON.stringify([body])\n  });\n});\n$page.variables.submitState = $page.variables.massPreview.length ? 'ready' : 'idle';\n"
    }
  ]
}