{
  "name": "loadKPIs",
  "steps": [
    {
      "type": "callRest",
      "service": "BPM",
      "endpoint": "Tasks",
      "params": {
        "assignee": "{{$page.variables.username}}",
        "state": "ASSIGNED"
      },
      "assign": [
        {
          "to": "$page.variables.kpis.pendingApprovals",
          "value": "$response.count"
        }
      ]
    },
    {
      "type": "script",
      "code": "$page.variables.kpis.openReq = 0; $page.variables.kpis.learningDue = 0;"
    }
  ]
}