{
  "name": "loadDirects",
  "steps": [
    {
      "type": "callRest",
      "service": "HCM",
      "endpoint": "Workers",
      "params": {
        "q": "managerId={{$page.variables.managerPersonId}}",
        "onlyData": "true",
        "limit": "200"
      },
      "assign": [
        {
          "to": "$page.variables.directs",
          "value": "$response.items"
        },
        {
          "to": "$page.variables.kpis.headcount",
          "value": "$response.count"
        }
      ]
    }
  ]
}