{
  "name": "loadTalent",
  "steps": [
    {
      "type": "callRest",
      "service": "HCM",
      "endpoint": "Goals",
      "params": {
        "personNumber": "{{$app.user.personNumber}}"
      },
      "assign": [
        {
          "to": "$page.variables.goals",
          "value": "$response.items"
        }
      ]
    },
    {
      "type": "callRest",
      "service": "HCM",
      "endpoint": "PerformanceDocuments",
      "params": {
        "personNumber": "{{$app.user.personNumber}}"
      },
      "assign": [
        {
          "to": "$page.variables.perfDocs",
          "value": "$response.items"
        }
      ]
    },
    {
      "type": "callRest",
      "service": "HCM",
      "endpoint": "LearningRecords",
      "params": {
        "personNumber": "{{$app.user.personNumber}}"
      },
      "assign": [
        {
          "to": "$page.variables.learning",
          "value": "$response.items"
        }
      ]
    }
  ]
}