{
  "name": "loadManagerInfo",
  "steps": [
    {
      "type": "getUserContext",
      "assign": [
        {
          "to": "$page.variables.username",
          "value": "$app.user.login"
        }
      ]
    },
    {
      "type": "callRest",
      "service": "HCM",
      "endpoint": "Workers",
      "params": {
        "q": "PersonNumber={{$app.user.personNumber}}",
        "expand": "workRelationships"
      },
      "assign": [
        {
          "to": "$page.variables.managerPersonId",
          "value": "$response.items[0].WorkRelationships[0].ManagerPersonId"
        }
      ]
    }
  ]
}