{
  "name": "loadAbsencesForTeam",
  "steps": [
    {
      "type": "forEach",
      "items": "$page.variables.directs",
      "var": "emp",
      "steps": [
        {
          "type": "callRest",
          "service": "HCM",
          "endpoint": "Absences",
          "params": {
            "personNumber": "{{emp.PersonNumber}}",
            "limit": "200"
          },
          "assign": [
            {
              "push": "$page.variables.absencesFlat",
              "value": "$response.items"
            }
          ]
        }
      ]
    },
    {
      "type": "script",
      "code": "$page.variables.absencesByTeam = $page.variables.absencesFlat.map(x => ({personName:x.PersonName,type:x.AbsenceType,status:x.Status,startDate:x.StartDate,endDate:x.EndDate}));"
    }
  ]
}