{
  "name": "submitMass",
  "steps": [
    {
      "type": "forEach",
      "items": "$page.variables.massPreview",
      "var": "row",
      "steps": [
        {
          "type": "callRest",
          "service": "HCM",
          "endpoint": "Workers",
          "method": "PATCH",
          "path": "{{row.endpoint}}",
          "body": "{{row.body}}",
          "onError": [
            {
              "type": "script",
              "code": "$page.variables.alerts.push({message:`Failed ${row.personNumber}`});"
            }
          ]
        }
      ]
    },
    {
      "type": "script",
      "code": "$page.variables.alerts.push({message:'Mass update submitted'});"
    }
  ]
}