{
  "id": "dashboard",
  "template": "oj-sp-dashboard-landing-page",
  "title": "Manager 360 Dashboard",
  "page-title": "Manager 360 Dashboard",
  "imports": [
    "@oracle/oraclejet/dist/ojmodule-element",
    "@oracle/oraclejet/dist/ojarraydataprovider",
    "@oracle/oraclejet/dist/ojc-card",
    "@oracle/oraclejet/dist/ojcard-header",
    "@oracle/oraclejet/dist/ojcard-body",
    "@oracle/oraclejet/dist/oj-sp-dashboard-landing-page"
  ],
  "variables": {
    "dashboardData": {
      "type": "Worker",
      "defaultValue": [],
      "dataProvider": {
        "typeRef": "Worker",
        "kind": "ArrayDataProvider",
        "idAttribute": "id",
        "data": []
      }
    }
  },
  "eventListeners": {
    "pageLoad": {
      "actions": [
        {
          "type": "log",
          "message": "dashboard page loaded"
        }
      ],
      "chains": [
        {
          "chainClass": "DashboardLoadListener"
        }
      ]
    }
  }
}