{
  "id": "main",
  "type": "flow",
  "root": "main-start",
  "nodes": {
    "main-start": {
      "type": "start",
      "next": "dashboard"
    },
    "dashboard": {
      "type": "page",
      "id": "dashboard",
      "path": "pages/dashboard",
      "template": "redwood-dashboard",
      "title": "Manager 360 Dashboard"
    },
    "approvals": {
      "type": "page",
      "id": "approvals",
      "path": "pages/approvals",
      "template": "redwood-contentLayout",
      "title": "Approvals"
    },
    "absences": {
      "type": "page",
      "id": "absences",
      "path": "pages/absences",
      "template": "redwood-contentLayout",
      "title": "Absences"
    },
    "talent": {
      "type": "page",
      "id": "talent",
      "path": "pages/talent",
      "template": "redwood-contentLayout",
      "title": "Talent"
    },
    "massActions": {
      "type": "page",
      "id": "massActions",
      "path": "pages/massActions",
      "template": "redwood-contentLayout",
      "title": "Mass Actions"
    }
  }
}