{
  "id": "massActions",
  "template": "oj-sp-data-management-page",
  "title": "Manager 360 Massactions",
  "page-title": "Manager 360 Massactions",
  "imports": [
    "@oracle/oraclejet/dist/ojmodule-element",
    "@oracle/oraclejet/dist/ojarraydataprovider",
    "@oracle/oraclejet/dist/ojc-card",
    "@oracle/oraclejet/dist/ojcard-header",
    "@oracle/oraclejet/dist/ojcard-body",
    "@oracle/oraclejet/dist/oj-sp-data-management-page"
  ],
  "variables": {
    "massActionsData": {
      "type": "Action",
      "defaultValue": [],
      "dataProvider": {
        "typeRef": "Action",
        "kind": "ArrayDataProvider",
        "idAttribute": "id",
        "data": []
      }
    }
  },
  "eventListeners": {
    "pageLoad": {
      "actions": [
        {
          "type": "log",
          "message": "massActions page loaded"
        }
      ],
      "chains": [
        {
          "chainClass": "MassactionsLoadListener"
        }
      ]
    }
  }
}