{
  "id": "absences",
  "type": "Page",
  "title": "absences",
  "vars": {
    "absencesFlat": [],
    "absencesChart": {}
  },
  "onLoad": [
    "loadAbsencesForTeam"
  ],
  "content": "\n<oj-c-page id=\"absences\">\n  <oj-c-card>\n    <oj-c-heading level=\"4\">Team Absences</oj-c-heading>\n    <oj-c-table data=\"{{$page.vars.absencesFlat}}\">\n      <oj-c-table-column header-text=\"Employee\" field=\"PersonName\"></oj-c-table-column>\n      <oj-c-table-column header-text=\"Type\" field=\"AbsenceType\"></oj-c-table-column>\n      <oj-c-table-column header-text=\"Start\" field=\"StartDate\"></oj-c-table-column>\n      <oj-c-table-column header-text=\"End\" field=\"EndDate\"></oj-c-table-column>\n      <oj-c-table-column header-text=\"Status\" field=\"Status\"></oj-c-table-column>\n    </oj-c-table>\n  </oj-c-card>\n</oj-c-page>\n"
}