{
  "id": "approvals",
  "type": "Page",
  "title": "approvals",
  "vars": {
    "tasks": [],
    "selectedTask": null
  },
  "onLoad": [
    "loadApprovals"
  ],
  "content": "\n<oj-c-page id=\"approvals\">\n  <oj-c-card>\n    <oj-c-heading level=\"4\">Pending Approvals</oj-c-heading>\n    <oj-c-table data=\"{{$page.vars.tasks}}\" row-selection=\"single\" on-row-action=\"[[ $chains.selectTask ]]\">\n      <oj-c-table-column header-text=\"Title\" field=\"title\"></oj-c-table-column>\n      <oj-c-table-column header-text=\"Requester\" field=\"requester\"></oj-c-table-column>\n      <oj-c-table-column header-text=\"Submitted\" field=\"submitted\"></oj-c-table-column>\n      <oj-c-table-column header-text=\"Priority\" field=\"priority\"></oj-c-table-column>\n    </oj-c-table>\n    <oj-c-toolbar>\n      <oj-c-button on-oj-action=\"[[ ()=>{ $chains.actOnTask({taskId:$page.vars.selectedTask?.id, op:'APPROVE'}) } ]]\">Approve</oj-c-button>\n      <oj-c-button on-oj-action=\"[[ ()=>{ $chains.actOnTask({taskId:$page.vars.selectedTask?.id, op:'REJECT'}) } ]]\">Reject</oj-c-button>\n      <oj-c-button on-oj-action=\"[[ ()=>{ $chains.actOnTask({taskId:$page.vars.selectedTask?.id, op:'REQUEST_INFORMATION'}) } ]]\">Request Info</oj-c-button>\n    </oj-c-toolbar>\n  </oj-c-card>\n</oj-c-page>\n"
}