{
  "id": "dashboard",
  "type": "Page",
  "title": "dashboard",
  "vars": {
    "username": "",
    "personNumber": "",
    "managerPersonId": "",
    "kpi": {
      "headcount": 0,
      "openAbsences": 0,
      "pendingApprovals": 0,
      "learningDue": 0
    },
    "directs": [],
    "alerts": []
  },
  "onLoad": [
    "loadManagerContext",
    "loadDirects",
    "loadAbsencesForTeam",
    "loadKPIs"
  ],
  "content": "\n<oj-c-page id=\"dashboard\">\n  <oj-c-toolbar>\n    <oj-c-title>Manager 360</oj-c-title>\n  </oj-c-toolbar>\n\n  <oj-c-grid>\n    <oj-c-card>\n      <oj-c-heading level=\"4\">Headcount</oj-c-heading>\n      <oj-bind-text value=\"{{$page.vars.kpi.headcount}}\"></oj-bind-text>\n    </oj-c-card>\n    <oj-c-card>\n      <oj-c-heading level=\"4\">Open Absences</oj-c-heading>\n      <oj-bind-text value=\"{{$page.vars.kpi.openAbsences}}\"></oj-bind-text>\n    </oj-c-card>\n    <oj-c-card>\n      <oj-c-heading level=\"4\">Pending Approvals</oj-c-heading>\n      <oj-bind-text value=\"{{$page.vars.kpi.pendingApprovals}}\"></oj-bind-text>\n    </oj-c-card>\n    <oj-c-card>\n      <oj-c-heading level=\"4\">Learning Due</oj-c-heading>\n      <oj-bind-text value=\"{{$page.vars.kpi.learningDue}}\"></oj-bind-text>\n    </oj-c-card>\n  </oj-c-grid>\n\n  <oj-c-card>\n    <oj-c-heading level=\"4\">My Team</oj-c-heading>\n    <oj-c-table data=\"{{$page.vars.directs}}\">\n      <oj-c-table-column header-text=\"Name\" field=\"FullName\"></oj-c-table-column>\n      <oj-c-table-column header-text=\"Job\" field=\"Assignment.JobName\"></oj-c-table-column>\n      <oj-c-table-column header-text=\"Location\" field=\"Assignment.Location\"></oj-c-table-column>\n    </oj-c-table>\n  </oj-c-card>\n</oj-c-page>\n"
}