{
  "id": "massActions",
  "type": "Page",
  "title": "massActions",
  "vars": {
    "massRows": [],
    "massPreview": [],
    "alerts": []
  },
  "onLoad": [],
  "content": "\n<oj-c-page id=\"massActions\">\n  <oj-c-card>\n    <oj-c-heading level=\"4\">Mass Actions</oj-c-heading>\n    <oj-c-file-picker accept=\".csv\" on-oj-select=\"[[ $chains.parseMassCsv ]]\"></oj-c-file-picker>\n    <oj-c-table data=\"{{$page.vars.massRows}}\">\n      <oj-c-table-column header-text=\"PersonNumber\" field=\"PersonNumber\"></oj-c-table-column>\n      <oj-c-table-column header-text=\"Field\" field=\"Field\"></oj-c-table-column>\n      <oj-c-table-column header-text=\"NewValue\" field=\"NewValue\"></oj-c-table-column>\n      <oj-c-table-column header-text=\"Start\" field=\"EffectiveStartDate\"></oj-c-table-column>\n      <oj-c-table-column header-text=\"Reason\" field=\"Reason\"></oj-c-table-column>\n    </oj-c-table>\n    <oj-c-toolbar>\n      <oj-c-button on-oj-action=\"[[ $chains.buildMassPreview ]]\">Preview</oj-c-button>\n      <oj-c-button on-oj-action=\"[[ $chains.submitMass ]]\">Submit</oj-c-button>\n    </oj-c-toolbar>\n    <oj-c-card>\n      <oj-c-heading level=\"5\">Preview</oj-c-heading>\n      <oj-c-table data=\"{{$page.vars.massPreview}}\">\n        <oj-c-table-column header-text=\"PersonNumber\" field=\"personNumber\"></oj-c-table-column>\n        <oj-c-table-column header-text=\"Endpoint\" field=\"endpoint\"></oj-c-table-column>\n        <oj-c-table-column header-text=\"Method\" field=\"method\"></oj-c-table-column>\n        <oj-c-table-column header-text=\"Body\" field=\"body\"></oj-c-table-column>\n      </oj-c-table>\n    </oj-c-card>\n  </oj-c-card>\n</oj-c-page>\n"
}