{
  "id": "talent",
  "type": "Page",
  "title": "talent",
  "vars": {
    "goals": [],
    "perfDocs": [],
    "learning": []
  },
  "onLoad": [
    "loadTalent"
  ],
  "content": "\n<oj-c-page id=\"talent\">\n  <oj-c-grid>\n    <oj-c-card>\n      <oj-c-heading level=\"4\">Goals</oj-c-heading>\n      <oj-c-list-view data=\"{{$page.vars.goals}}\">\n        <template slot=\"itemTemplate\">\n          <oj-c-list-item><oj-bind-text value=\"[[$current.data.name]]\"></oj-bind-text></oj-c-list-item>\n        </template>\n      </oj-c-list-view>\n    </oj-c-card>\n    <oj-c-card>\n      <oj-c-heading level=\"4\">Performance Docs</oj-c-heading>\n      <oj-c-list-view data=\"{{$page.vars.perfDocs}}\">\n        <template slot=\"itemTemplate\">\n          <oj-c-list-item><oj-bind-text value=\"[[$current.data.docName]]\"></oj-bind-text></oj-c-list-item>\n        </template>\n      </oj-c-list-view>\n    </oj-c-card>\n    <oj-c-card>\n      <oj-c-heading level=\"4\">Learning</oj-c-heading>\n      <oj-c-list-view data=\"{{$page.vars.learning}}\">\n        <template slot=\"itemTemplate\">\n          <oj-c-list-item><oj-bind-text value=\"[[$current.data.courseName]]\"></oj-bind-text></oj-c-list-item>\n        </template>\n      </oj-c-list-view>\n    </oj-c-card>\n  </oj-c-grid>\n</oj-c-page>\n"
}