{
  "id": "massActions",
  "template": "oj-sp-data-management-page",
  "title": "Manager 360 Massactions",
  "variables": {
    "actions": []
  },
  "eventHandlers": {
    "onLoad": {
      "chain": [
        {
          "type": "RestCall",
          "service": "HCM",
          "endpoint": "workers",
          "success": {
            "assign": {
              "target": "$page.variables.actions",
              "value": "$response.body.items"
            }
          },
          "error": {
            "assign": {
              "target": "$page.variables.actions",
              "value": [
                {
                  "id": "ACT-001",
                  "name": "Mass Manager Update",
                  "status": "PENDING"
                }
              ]
            }
          }
        }
      ]
    }
  }
}