{
  "variables": {
    "kpis": []
  },
  "eventHandlers": {
    "onLoad": {
      "chain": [
        {
          "type": "RestCall",
          "service": "HCM",
          "endpoint": "workers",
          "success": {
            "assign": {
              "target": "$page.variables.kpis",
              "value": "$response.body.items"
            }
          },
          "error": {
            "assign": {
              "target": "$page.variables.kpis",
              "value": [
                {
                  "id": "1",
                  "name": "Team Size: 10",
                  "status": "OK"
                }
              ]
            }
          }
        }
      ]
    }
  }
}