{
  "id": "approvals",
  "template": "oj-sp-data-management-page",
  "title": "Manager 360 Approvals",
  "variables": {
    "tasks": []
  },
  "eventHandlers": {
    "onLoad": {
      "chain": [
        {
          "type": "RestCall",
          "service": "BPM",
          "endpoint": "tasks",
          "success": {
            "assign": {
              "target": "$page.variables.tasks",
              "value": "$response.body.items"
            }
          },
          "error": {
            "assign": {
              "target": "$page.variables.tasks",
              "value": [
                {
                  "id": "MCK-001",
                  "name": "Approve Leave Request",
                  "status": "PENDING"
                },
                {
                  "id": "MCK-002",
                  "name": "Approve Job Change",
                  "status": "PENDING"
                }
              ]
            }
          }
        }
      ]
    }
  }
}