{
  "flowId": "main",
  "pages": [
    {
      "id": "dashboard",
      "title": "Dashboard",
      "path": "dashboard.json",
      "icon": "oj-ux-ico-dashboard"
    },
    {
      "id": "team-absences",
      "title": "Team Absences",
      "path": "team-absences.json",
      "icon": "oj-ux-ico-calendar"
    },
    {
      "id": "approvals",
      "title": "Approvals",
      "path": "approvals.json",
      "icon": "oj-ux-ico-notifications"
    },
    {
      "id": "talent",
      "title": "Talent & Learning",
      "path": "talent.json",
      "icon": "oj-ux-ico-education"
    }
  ],
  "navigation": "shell",
  "shell": {
    "brand": "Manager 360",
    "showUserMenu": true
  }
}