{
  "id": "approvals",
  "type": "Page",
  "title": "Approvals",
  "variables": {
    "tasks": []
  },
  "eventHandlers": {
    "onLoad": {
      "actions": [
        {
          "type": "restWithMock",
          "calls": [
            {
              "service": "BPM",
              "endpoint": "/tasks?state=ASSIGNED&limit=50",
              "assign": [
                {
                  "to": "$page.variables.tasks",
                  "value": "$response.items"
                }
              ],
              "mockAssign": [
                {
                  "to": "$page.variables.tasks",
                  "value": [
                    {
                      "id": "T-1001",
                      "title": "Approve Leave - Alice",
                      "requester": "Alice Smith",
                      "priority": "High"
                    },
                    {
                      "id": "T-1002",
                      "title": "Approve Job Change - Bob",
                      "requester": "Bob Jones",
                      "priority": "Medium"
                    }
                  ]
                }
              ]
            }
          ]
        }
      ]
    }
  }
}