{
  "name": "buildMassPreview",
  "type": "ActionChain",
  "steps": [
    {
      "type": "script",
      "code": "\nconst allowed = {\n  JobId: { child: 'assignments', field: 'JobId' },\n  LocationId: { child: 'assignments', field: 'LocationId' },\n  ManagerId: { child: 'assignments', field: 'ManagerId' }\n};\n$page.vars.massPreview = [];\n($page.vars.massRows||[]).forEach(r => {\n  const fn = r.Field && r.Field.trim();\n  if(!allowed[fn]) return;\n  const pn = (r.PersonNumber||'').trim();\n  const endp = `workers/{resolve-WorkerId-from-${pn}}/child/${allowed[fn].child}`;\n  const body = JSON.stringify([{ op:'replace', path:`/${allowed[fn].field}`, value:r.NewValue }]);\n  $page.vars.massPreview.push({ personNumber: pn, endpoint: endp, method:'PATCH', body });\n});\n"
    }
  ]
}