{
  "name": "loadKPIs",
  "type": "ActionChain",
  "steps": [
    {
      "type": "callRest",
      "service": "BPM",
      "endpoint": "tasks",
      "params": {
        "assignee": "{{$page.vars.username}}",
        "state": "ASSIGNED"
      },
      "assign": [
        {
          "to": "$page.vars.kpi.pendingApprovals",
          "value": "$response.count"
        }
      ]
    },
    {
      "type": "script",
      "code": "$page.vars.kpi.openAbsences = ($page.vars.absencesFlat||[]).length; $page.vars.kpi.learningDue=0;"
    }
  ]
}