{
  "name": "loadAbsencesForTeam",
  "type": "ActionChain",
  "steps": [
    {
      "type": "script",
      "code": "$page.vars.absencesFlat = [];"
    },
    {
      "type": "forEach",
      "items": "$page.vars.directs",
      "var": "emp",
      "steps": [
        {
          "type": "callRest",
          "service": "HCM",
          "endpoint": "absences",
          "params": {
            "personNumber": "{{emp.PersonNumber}}",
            "limit": "200"
          },
          "assign": [
            {
              "push": "$page.vars.absencesFlat",
              "value": "$response.items"
            }
          ]
        }
      ]
    },
    {
      "type": "script",
      "code": "$page.vars.absencesChart = ($page.vars.absencesFlat||[]).reduce((m,a)=>{const k=a.AbsenceType||'Unknown'; m[k]=(m[k]||0)+1; return m;},{});"
    }
  ]
}