{
  "name": "loadManagerContext",
  "type": "ActionChain",
  "steps": [
    {
      "type": "getUserContext",
      "assign": [
        {
          "to": "$page.vars.username",
          "value": "$app.user.login"
        },
        {
          "to": "$page.vars.personNumber",
          "value": "$app.user.personNumber"
        }
      ]
    },
    {
      "type": "callRest",
      "service": "HCM",
      "endpoint": "workers",
      "params": {
        "q": "PersonNumber={{$page.vars.personNumber}}",
        "expand": "workRelationships"
      },
      "assign": [
        {
          "to": "$page.vars.managerPersonId",
          "value": "$response.items[0].WorkRelationships[0].ManagerPersonId"
        }
      ]
    }
  ]
}