{
  "name": "loadTalent",
  "type": "ActionChain",
  "steps": [
    {
      "type": "callRest",
      "service": "HCM",
      "endpoint": "goals",
      "params": {
        "personNumber": "{{$page.vars.personNumber}}"
      },
      "assign": [
        {
          "to": "$page.vars.goals",
          "value": "$response.items"
        }
      ]
    },
    {
      "type": "callRest",
      "service": "HCM",
      "endpoint": "perfDocs",
      "params": {
        "personNumber": "{{$page.vars.personNumber}}"
      },
      "assign": [
        {
          "to": "$page.vars.perfDocs",
          "value": "$response.items"
        }
      ]
    },
    {
      "type": "callRest",
      "service": "HCM",
      "endpoint": "learning",
      "params": {
        "personNumber": "{{$page.vars.personNumber}}"
      },
      "assign": [
        {
          "to": "$page.vars.learning",
          "value": "$response.items"
        }
      ]
    }
  ]
}