{
  "name": "submitMass",
  "type": "ActionChain",
  "steps": [
    {
      "type": "forEach",
      "items": "$page.vars.massPreview",
      "var": "row",
      "steps": [
        {
          "type": "callRest",
          "service": "HCM",
          "endpoint": "workers",
          "method": "PATCH",
          "path": "{{row.endpoint}}",
          "body": "{{row.body}}",
          "onError": [
            {
              "type": "script",
              "code": "$page.vars.alerts.push({type:'error',text:`Failed: ${row.personNumber}`});"
            }
          ]
        }
      ]
    },
    {
      "type": "script",
      "code": "$page.vars.alerts.push({type:'info',text:'Mass update submitted'});"
    }
  ]
}