{
  "id": "talent",
  "type": "Page",
  "title": "Talent",
  "variables": {
    "goals": [],
    "perfDocs": [],
    "learning": []
  },
  "eventHandlers": {
    "onLoad": {
      "actions": [
        {
          "type": "restWithMock",
          "calls": [
            {
              "service": "HCM",
              "endpoint": "/performanceGoals?limit=50",
              "assign": [
                {
                  "to": "$page.variables.goals",
                  "value": "$response.items"
                }
              ],
              "mockAssign": [
                {
                  "to": "$page.variables.goals",
                  "value": [
                    {
                      "name": "Improve NPS"
                    },
                    {
                      "name": "Reduce Costs"
                    }
                  ]
                }
              ]
            },
            {
              "service": "HCM",
              "endpoint": "/performanceDocuments?limit=50",
              "assign": [
                {
                  "to": "$page.variables.perfDocs",
                  "value": "$response.items"
                }
              ],
              "mockAssign": [
                {
                  "to": "$page.variables.perfDocs",
                  "value": [
                    {
                      "docName": "FY25 Review",
                      "phase": "Evaluation"
                    }
                  ]
                }
              ]
            },
            {
              "service": "HCM",
              "endpoint": "/learningRecords?limit=50",
              "assign": [
                {
                  "to": "$page.variables.learning",
                  "value": "$response.items"
                }
              ],
              "mockAssign": [
                {
                  "to": "$page.variables.learning",
                  "value": [
                    {
                      "courseName": "Security 101",
                      "dueDate": "2025-09-30"
                    }
                  ]
                }
              ]
            }
          ]
        }
      ]
    }
  }
}