{
  "id": "dashboard",
  "type": "Page",
  "title": "Dashboard",
  "variables": {
    "kpi": {
      "headcount": 0,
      "openAbsences": 0,
      "pendingApprovals": 0,
      "learningDue": 0
    },
    "directs": []
  },
  "eventHandlers": {
    "onLoad": {
      "actions": [
        {
          "type": "restWithMock",
          "calls": [
            {
              "service": "HCM",
              "endpoint": "/workers?onlyData=true&limit=50",
              "assign": [
                {
                  "to": "$page.variables.directs",
                  "value": "$response.items"
                },
                {
                  "to": "$page.variables.kpi.headcount",
                  "value": "$response.count"
                }
              ],
              "mockAssign": [
                {
                  "to": "$page.variables.directs",
                  "value": [
                    {
                      "FullName": "Alice Smith",
                      "PersonNumber": "1001",
                      "Assignment": {
                        "JobName": "Analyst",
                        "Location": "NY"
                      }
                    },
                    {
                      "FullName": "Bob Jones",
                      "PersonNumber": "1002",
                      "Assignment": {
                        "JobName": "Consultant",
                        "Location": "CA"
                      }
                    }
                  ]
                },
                {
                  "to": "$page.variables.kpi.headcount",
                  "value": 2
                }
              ]
            },
            {
              "service": "BPM",
              "endpoint": "/tasks?state=ASSIGNED&limit=1",
              "assign": [
                {
                  "to": "$page.variables.kpi.pendingApprovals",
                  "value": "$response.count"
                }
              ],
              "mockAssign": [
                {
                  "to": "$page.variables.kpi.pendingApprovals",
                  "value": 3
                }
              ]
            }
          ]
        }
      ]
    }
  }
}