{
  "pageId": "approvals",
  "title": "Approvals",
  "layout": "oneColumn",
  "variables": {
    "tasks": [],
    "selectedTask": null
  },
  "sections": [
    {
      "type": "table",
      "title": "Pending Approvals",
      "data": "{{tasks}}",
      "columns": [
        {
          "field": "title",
          "headerText": "Title"
        },
        {
          "field": "requester",
          "headerText": "Requester"
        },
        {
          "field": "submitted",
          "headerText": "Submitted"
        },
        {
          "field": "priority",
          "headerText": "Priority"
        }
      ],
      "rowAction": "selectTask(task)"
    },
    {
      "type": "panel",
      "title": "Task Details",
      "visible": "{{selectedTask}}",
      "content": [
        {
          "type": "text",
          "value": "{{selectedTask.title}}"
        },
        {
          "type": "text",
          "value": "{{selectedTask.details}}"
        },
        {
          "type": "buttonBar",
          "buttons": [
            {
              "label": "Approve",
              "action": "approve(selectedTask)"
            },
            {
              "label": "Reject",
              "action": "reject(selectedTask)"
            },
            {
              "label": "Request Info",
              "action": "requestInfo(selectedTask)"
            }
          ]
        }
      ]
    }
  ],
  "actions": {
    "onLoad": [
      "loadApprovals"
    ]
  }
}