{
  "pageId": "dashboard",
  "title": "Manager 360 \u2013 Dashboard",
  "layout": "oneColumn",
  "variables": {
    "managerPersonId": "",
    "username": "",
    "kpis": {
      "headcount": 0,
      "openReq": 0,
      "pendingApprovals": 0,
      "learningDue": 0
    },
    "directs": [],
    "alerts": [],
    "massRows": [],
    "massPreview": [],
    "submitState": "idle"
  },
  "sections": [
    {
      "type": "kpiRow",
      "kpis": [
        {
          "label": "Headcount",
          "value": "{{kpis.headcount}}"
        },
        {
          "label": "Open Req",
          "value": "{{kpis.openReq}}"
        },
        {
          "label": "Pending Approvals",
          "value": "{{kpis.pendingApprovals}}"
        },
        {
          "label": "Learning Due",
          "value": "{{kpis.learningDue}}"
        }
      ]
    },
    {
      "type": "table",
      "title": "My Team",
      "data": "{{directs}}",
      "columns": [
        {
          "field": "FullName",
          "headerText": "Name"
        },
        {
          "field": "Assignment.JobName",
          "headerText": "Job"
        },
        {
          "field": "Assignment.Location",
          "headerText": "Location"
        },
        {
          "field": "ManagerRiskFlag",
          "headerText": "Risk"
        },
        {
          "field": "NextAction",
          "headerText": "Next Action"
        }
      ]
    },
    {
      "type": "panel",
      "title": "Mass Actions",
      "collapsible": true,
      "content": [
        {
          "type": "filePicker",
          "accept": ".csv",
          "onSelect": "parseMassCsv($event)"
        },
        {
          "type": "table",
          "title": "Uploaded Rows",
          "data": "{{massRows}}",
          "columns": [
            {
              "field": "PersonNumber",
              "headerText": "PersonNumber"
            },
            {
              "field": "Field",
              "headerText": "Field"
            },
            {
              "field": "NewValue",
              "headerText": "NewValue"
            },
            {
              "field": "EffectiveStartDate",
              "headerText": "Start"
            },
            {
              "field": "Reason",
              "headerText": "Reason"
            }
          ]
        },
        {
          "type": "button",
          "label": "Preview Changes",
          "action": "buildMassPreview()"
        },
        {
          "type": "table",
          "title": "Preview Payload",
          "data": "{{massPreview}}",
          "columns": [
            {
              "field": "personNumber",
              "headerText": "PersonNumber"
            },
            {
              "field": "endpoint",
              "headerText": "Endpoint"
            },
            {
              "field": "method",
              "headerText": "Method"
            },
            {
              "field": "body",
              "headerText": "Body (JSON)"
            }
          ]
        },
        {
          "type": "buttonBar",
          "buttons": [
            {
              "label": "Submit",
              "action": "submitMass()",
              "disabled": "{{submitState!=='ready'}}"
            },
            {
              "label": "Reset",
              "action": "resetMass()"
            }
          ]
        }
      ]
    },
    {
      "type": "list",
      "title": "Alerts",
      "data": "{{alerts}}",
      "item": {
        "template": "{{message}}"
      }
    }
  ],
  "actions": {
    "onLoad": [
      "loadManagerInfo",
      "loadDirects",
      "loadKPIs"
    ]
  }
}