{
  "pageId": "talent",
  "title": "Talent & Learning",
  "layout": "twoColumn",
  "variables": {
    "goals": [],
    "perfDocs": [],
    "learning": []
  },
  "sections": [
    {
      "type": "card",
      "title": "Goals",
      "content": {
        "type": "list",
        "data": "{{goals}}",
        "item": {
          "template": "{{name}} \u2013 {{status}}"
        }
      }
    },
    {
      "type": "card",
      "title": "Performance Documents",
      "content": {
        "type": "list",
        "data": "{{perfDocs}}",
        "item": {
          "template": "{{docName}} \u2013 {{phase}}"
        }
      }
    },
    {
      "type": "card",
      "title": "Learning",
      "content": {
        "type": "list",
        "data": "{{learning}}",
        "item": {
          "template": "{{courseName}} \u2013 Due {{dueDate}}"
        }
      }
    }
  ],
  "actions": {
    "onLoad": [
      "loadTalent"
    ]
  }
}