{
  "pageId": "team-absences",
  "title": "Team Absences",
  "layout": "oneColumn",
  "variables": {
    "absencesByTeam": [],
    "absencesFlat": [],
    "selectedMonth": ""
  },
  "sections": [
    {
      "type": "calendar",
      "data": "{{absencesByTeam}}",
      "dateField": "startDate",
      "endDateField": "endDate",
      "titleField": "personName"
    },
    {
      "type": "filterBar",
      "filters": [
        {
          "name": "Month",
          "bind": "selectedMonth"
        }
      ]
    },
    {
      "type": "table",
      "title": "Absence Details",
      "data": "{{absencesFlat}}",
      "columns": [
        {
          "field": "personName",
          "headerText": "Employee"
        },
        {
          "field": "type",
          "headerText": "Type"
        },
        {
          "field": "status",
          "headerText": "Status"
        },
        {
          "field": "startDate",
          "headerText": "Start"
        },
        {
          "field": "endDate",
          "headerText": "End"
        }
      ]
    }
  ],
  "actions": {
    "onLoad": [
      "loadAbsencesForTeam"
    ]
  }
}