{
  "id": "talent",
  "template": "oj-sp-data-management-page",
  "title": "Manager 360 Talent",
  "page-title": "Manager 360 Talent",
  "imports": [
    "@oracle/oraclejet/dist/ojmodule-element",
    "@oracle/oraclejet/dist/ojarraydataprovider",
    "@oracle/oraclejet/dist/ojc-card",
    "@oracle/oraclejet/dist/ojcard-header",
    "@oracle/oraclejet/dist/ojcard-body",
    "@oracle/oraclejet/dist/oj-sp-data-management-page"
  ],
  "variables": {
    "talentData": {
      "type": "Talent",
      "defaultValue": [],
      "dataProvider": {
        "typeRef": "Talent",
        "kind": "ArrayDataProvider",
        "idAttribute": "id",
        "data": []
      }
    }
  },
  "eventListeners": {
    "pageLoad": {
      "actions": [
        {
          "type": "log",
          "message": "talent page loaded"
        }
      ],
      "chains": [
        {
          "chainClass": "TalentLoadListener"
        }
      ]
    }
  }
}