{
  "id": "absences",
  "template": "oj-sp-data-management-page",
  "title": "Manager 360 Absences",
  "variables": {
    "absences": []
  },
  "eventHandlers": {
    "onLoad": {
      "chain": [
        {
          "type": "RestCall",
          "service": "HCM",
          "endpoint": "workers",
          "success": {
            "assign": {
              "target": "$page.variables.absences",
              "value": "$response.body.items"
            }
          },
          "error": {
            "assign": {
              "target": "$page.variables.absences",
              "value": [
                {
                  "id": "ABS-001",
                  "name": "Annual Leave",
                  "status": "APPROVED"
                }
              ]
            }
          }
        }
      ]
    }
  }
}