{
  "variables": {
    "talent": []
  },
  "eventHandlers": {
    "onLoad": {
      "chain": [
        {
          "type": "RestCall",
          "service": "HCM",
          "endpoint": "workers",
          "success": {
            "assign": {
              "target": "$page.variables.talent",
              "value": "$response.body.items"
            }
          },
          "error": {
            "assign": {
              "target": "$page.variables.talent",
              "value": [
                {
                  "id": "TAL-001",
                  "name": "High Potential - John Doe",
                  "status": "ACTIVE"
                }
              ]
            }
          }
        }
      ]
    }
  }
}