{
  "id": "absences",
  "type": "Page",
  "title": "Absences",
  "variables": {
    "absences": []
  },
  "eventHandlers": {
    "onLoad": {
      "actions": [
        {
          "type": "restWithMock",
          "calls": [
            {
              "service": "HCM",
              "endpoint": "/absences?limit=200",
              "assign": [
                {
                  "to": "$page.variables.absences",
                  "value": "$response.items"
                }
              ],
              "mockAssign": [
                {
                  "to": "$page.variables.absences",
                  "value": [
                    {
                      "PersonName": "Alice Smith",
                      "AbsenceType": "Sick",
                      "StartDate": "2025-08-01",
                      "EndDate": "2025-08-02",
                      "Status": "Approved"
                    },
                    {
                      "PersonName": "Bob Jones",
                      "AbsenceType": "Vacation",
                      "StartDate": "2025-09-05",
                      "EndDate": "2025-09-10",
                      "Status": "Submitted"
                    }
                  ]
                }
              ]
            }
          ]
        }
      ]
    }
  }
}