{
  "name": "loadApprovals",
  "type": "ActionChain",
  "steps": [
    {
      "type": "try",
      "trySteps": [
        {
          "type": "callRest",
          "service": "BPM",
          "endpoint": "/tasks",
          "assign": [
            {
              "to": "$page.vars.data",
              "value": "$response.items"
            }
          ]
        }
      ],
      "catchSteps": [
        {
          "type": "callLocalJson",
          "path": "resources/mock/approvals.json",
          "assign": [
            {
              "to": "$page.vars.data",
              "value": "$response"
            }
          ]
        }
      ]
    }
  ]
}