{
  "id": "dashboard",
  "template": "oj-sp-dashboard-landing-page",
  "title": "Manager 360 Dashboard",
  "variables": {
    "kpis": []
  },
  "eventHandlers": {
    "onLoad": {
      "chain": [
        {
          "type": "RestCall",
          "service": "HCM",
          "endpoint": "workers",
          "success": {
            "assign": {
              "target": "$page.variables.kpis",
              "value": "$response.body.items"
            }
          },
          "error": {
            "assign": {
              "target": "$page.variables.kpis",
              "value": [
                {
                  "id": "1",
                  "name": "Team Size: 12",
                  "status": "OK"
                },
                {
                  "id": "2",
                  "name": "Pending Approvals",
                  "status": "5"
                }
              ]
            }
          }
        }
      ]
    }
  }
}